{"cameraMode":{"drawMode":0,"name":"Shaded","section":"Shading Mode"},"sceneLighting":true,"audioPlay":false,"sceneViewState":{"m_AlwaysRefresh":false,"showFog":true,"showSkybox":true,"showFlares":true,"showImageEffects":true,"showParticleSystems":true,"showVisualEffectGraphs":true,"m_FxEnabled":true},"in2DMode":false,"pivot":{"x":-0.057706594467163089,"y":1.2778555154800416,"z":0.018742799758911134},"rotation":{"x":0.22554902732372285,"y":-0.23996663093566895,"z":0.05743267387151718,"w":0.9424788355827332},"size":2.441715717315674,"orthographic":false}